person_id,name,slug,source_reference_count,generated_reference_count,validation,already_has_build_profile
Abishai_1,Abishai,abishai,24,24,MATCH,NO
Adonijah_1,Adonijah,adonijah-1,24,24,MATCH,NO
Goliath_1,Goliath,goliath,24,24,MATCH,NO
Jonah_1,Jonah,jonah,24,24,MATCH,NO
Manasseh_3,Manasseh,manasseh-3,24,24,MATCH,NO
Nebat_1,Nebat,nebat,24,24,MATCH,NO
Abimelech_1,Abimelech,abimelech-1,23,23,MATCH,NO
Benaiah_1,Benaiah,benaiah-1,23,23,MATCH,NO
Gershon_1,Gershon,gershon,23,23,MATCH,NO
Hiram_1,Hiram,hiram-1,23,23,MATCH,NO
Jehoram_1,Jehoram,jehoram-1,23,23,MATCH,NO
Zebulun_1,Zebulun,zebulun,23,23,MATCH,NO
Boaz_1,Boaz,boaz,22,22,MATCH,NO
Hazael_1,Hazael,hazael,22,22,MATCH,NO
Jehoiachin_1,Jehoiachin,jehoiachin,22,22,MATCH,NO
Jehoiada_1,Jehoiada,jehoiada-1,22,22,MATCH,NO
Uriah_1,Uriah,uriah-1,22,22,MATCH,NO
Zerubbabel_2,Zerubbabel,zerubbabel-2,22,22,MATCH,NO
Achish_1,Achish,achish,21,21,MATCH,NO
Amnon_1,Amnon,amnon-1,21,21,MATCH,NO
Baruch_4,Baruch,baruch-4,21,21,MATCH,NO
Ishmael_2,Ishmael,ishmael-2,21,21,MATCH,NO
Naomi_1,Naomi,naomi,21,21,MATCH,NO
Og_1,Og,og,21,21,MATCH,NO
Abijam_1,Abijam,abijam,20,20,MATCH,NO
Ahikam_1,Ahikam,ahikam,20,20,MATCH,NO
Cyrus_1,Cyrus,cyrus,19,19,MATCH,NO
Jezebel_1,Jezebel,jezebel-1,19,19,MATCH,NO
Jotham_2,Jotham,jotham-2,19,19,MATCH,NO
Micah_1,Micah,micah-1,19,19,MATCH,NO
Shaphan_1,Shaphan,shaphan-1,19,19,MATCH,NO
Adam_1,Adam,adam,18,18,MATCH,NO
Asaph_3,Asaph,asaph-3,18,18,MATCH,NO
Ishmael_1,Ishmael,ishmael-1,18,18,MATCH,NO
Ithamar_1,Ithamar,ithamar,18,18,MATCH,NO
Micaiah_1,Micaiah,micaiah-1,18,18,MATCH,NO
Nabal_1,Nabal,nabal,18,18,MATCH,NO
Naboth_1,Naboth,naboth,18,18,MATCH,NO
Ahithophel_1,Ahithophel,ahithophel,17,17,MATCH,NO
Araunah_1,Araunah,araunah,17,17,MATCH,NO
Phinehas_1,Phinehas,phinehas-1,17,17,MATCH,NO
Silas_1,Silas,silas,17,17,MATCH,NO
Sisera_1,Sisera,sisera-1,17,17,MATCH,NO
Asaph_2,Asaph,asaph-2,16,16,MATCH,NO
Azariah_18,Azariah,azariah-18,16,16,MATCH,NO
Cain_1,Cain,cain,16,16,MATCH,NO
Hadadezer_1,Hadadezer,hadadezer,16,16,MATCH,NO
Hananiah_12,Hananiah,hananiah-12,16,16,MATCH,NO
Joseph_6,Joseph,joseph-6,16,16,MATCH,NO
Machir_1,Machir,machir-1,16,16,MATCH,NO
Michal_1,Michal,michal,16,16,MATCH,NO
Mishael_3,Mishael,mishael-3,16,16,MATCH,NO
Ner_1,Ner,ner,16,16,MATCH,NO
Nethaniah_1,Nethaniah,nethaniah-1,16,16,MATCH,NO
Rabshakeh_1,Rabshakeh,rabshakeh,16,16,MATCH,NO
Shem_1,Shem,shem,16,16,MATCH,NO
Ahijah_1,Ahijah,ahijah-1,15,15,MATCH,NO
Amon_2,Amon,amon-2,15,15,MATCH,NO
Athaliah_1,Athaliah,athaliah-1,15,15,MATCH,NO
Hilkiah_2,Hilkiah,hilkiah-2,15,15,MATCH,NO
Jephunneh_1,Jephunneh,jephunneh-1,15,15,MATCH,NO
Johanan_1,Johanan,johanan-1,15,15,MATCH,NO
Nebuzaradan_1,Nebuzaradan,nebuzaradan,15,15,MATCH,NO
Pekah_1,Pekah,pekah,15,15,MATCH,NO
Perez_1,Perez,perez,15,15,MATCH,NO
Shalmaneser_1,Shalmaneser,shalmaneser,15,15,MATCH,NO
Shimei_2,Shimei,shimei-2,15,15,MATCH,NO
Abigail_1,Abigail,abigail-1,14,14,MATCH,NO
Artaxerxes_1,Artaxerxes,artaxerxes,14,14,MATCH,NO
Asahel_1,Asahel,asahel-1,14,14,MATCH,NO
Barak_1,Barak,barak,14,14,MATCH,NO
Canaan_1,Canaan,canaan,14,14,MATCH,NO
Ish-bosheth_1,Ish-bosheth,ish-bosheth,14,14,MATCH,NO
Jeduthun_1,Jeduthun,jeduthun,14,14,MATCH,NO
Jehoahaz_1,Jehoahaz,jehoahaz-1,14,14,MATCH,NO
Kareah_1,Kareah,kareah,14,14,MATCH,NO
Manoah_1,Manoah,manoah,14,14,MATCH,NO
Mary_2,Mary,mary-2,14,14,MATCH,NO
Mephibosheth_1,Mephibosheth,mephibosheth-1,14,14,MATCH,NO
Reuel_2,Reuel,reuel-2,14,14,MATCH,NO
Ahimaaz_2,Ahimaaz,ahimaaz-2,13,13,MATCH,NO
Amoz_1,Amoz,amoz,13,13,MATCH,NO
Gad_2,Gad,gad-2,13,13,MATCH,NO
Hamor_1,Hamor,hamor,13,13,MATCH,NO
Heman_2,Heman,heman-2,13,13,MATCH,NO
Jeroboam_2,Jeroboam,jeroboam-2,13,13,MATCH,NO
Omri_1,Omri,omri-1,13,13,MATCH,NO
Porcius_1,Porcius,porcius,13,13,MATCH,NO
Ruth_1,Ruth,ruth,13,13,MATCH,YES
Shechem_1,Shechem,shechem-1,13,13,MATCH,NO
Tamar_2,Tamar,tamar-2,13,13,MATCH,NO
Zerah_3,Zerah,zerah-3,13,13,MATCH,NO
Ziba_1,Ziba,ziba,13,13,MATCH,NO
Abihu_1,Abihu,abihu,12,12,MATCH,NO
Amalek_1,Amalek,amalek,12,12,MATCH,NO
Amasa_1,Amasa,amasa-1,12,12,MATCH,NO
Andrew_1,Andrew,andrew,12,12,MATCH,NO
Bathsheba_1,Bathsheba,bathsheba,12,12,MATCH,NO
Caesar_1,Caesar,caesar-1,12,12,MATCH,NO
Gehazi_1,Gehazi,gehazi,12,12,MATCH,NO
Hagar_1,Hagar,hagar,12,12,MATCH,NO
Heth_1,Heth,heth,12,12,MATCH,NO
Hezron_2,Hezron,hezron-2,12,12,MATCH,NO
Hur_1,Hur,hur-1,12,12,MATCH,NO
Hushai_1,Hushai,hushai-1,12,12,MATCH,NO
Jeshua_3,Jeshua,jeshua-3,12,12,MATCH,NO
Joshua_4,Joshua,joshua-4,12,12,MATCH,NO
Martha_1,Martha,martha,12,12,MATCH,NO
Miriam_1,Miriam,miriam-1,12,12,MATCH,NO
Naaman_2,Naaman,naaman-2,12,12,MATCH,NO
Nadab_1,Nadab,nadab-1,12,12,MATCH,NO
Titus_1,Titus,titus,12,12,MATCH,NO
Tobiah_2,Tobiah,tobiah-2,12,12,MATCH,NO
Agrippa_1,Agrippa,agrippa,11,11,MATCH,NO
Ahimelech_1,Ahimelech,ahimelech-1,11,11,MATCH,NO
Amminadab_1,Amminadab,amminadab-1,11,11,MATCH,NO
Amram_1,Amram,amram-1,11,11,MATCH,NO
Bezalel_1,Bezalel,bezalel-1,11,11,MATCH,NO
Eber_1,Eber,eber-1,11,11,MATCH,NO
Ham_1,Ham,ham,11,11,MATCH,NO
Hannah_1,Hannah,hannah,11,11,MATCH,NO
Japheth_1,Japheth,japheth,11,11,MATCH,NO
Kish_1,Kish,kish-1,11,11,MATCH,NO
Lazarus_2,Lazarus,lazarus-2,11,11,MATCH,NO
Mary_3,Mary,mary-3,11,11,MATCH,NO
Melchizedek_1,Melchizedek,melchizedek,11,11,MATCH,NO
Nahshon_1,Nahshon,nahshon,11,11,MATCH,NO
Rezin_1,Rezin,rezin-1,11,11,MATCH,NO
Shallum_7,Shallum,shallum-7,11,11,MATCH,NO
Thomas_1,Thomas,thomas,11,11,MATCH,NO
Tiglath-pileser_1,Tiglath-pileser,tiglath-pileser,11,11,MATCH,NO
Uzziel_1,Uzziel,uzziel-1,11,11,MATCH,NO
Zebedee_1,Zebedee,zebedee,11,11,MATCH,NO
Zechariah_13,Zechariah,zechariah-13,11,11,MATCH,NO
Apollos_1,Apollos,apollos,10,10,MATCH,NO
Arpachshad_1,Arpachshad,arpachshad,10,10,MATCH,NO
Barabbas_1,Barabbas,barabbas,10,10,MATCH,NO
Bartholomew_1,Bartholomew,bartholomew,10,10,MATCH,NO
Bilhah_1,Bilhah,bilhah,10,10,MATCH,NO
Caesar_2,Caesar,caesar-2,10,10,MATCH,NO
Elkanah_2,Elkanah,elkanah-2,10,10,MATCH,NO
Ephron_1,Ephron,ephron,10,10,MATCH,NO
Gilead_1,Gilead,gilead-1,10,10,MATCH,NO
Haggai_1,Haggai,haggai,10,10,MATCH,NO
Herod_1,Herod,herod-1,10,10,MATCH,NO
Izhar_1,Izhar,izhar-1,10,10,MATCH,NO
John_5,John,john-5,10,10,MATCH,NO
Nahor_2,Nahor,nahor-2,10,10,MATCH,NO
Pharaoh Neco_1,Neco,neco,10,10,MATCH,NO
Neriah_1,Neriah,neriah,10,10,MATCH,NO
Sanballat_1,Sanballat,sanballat,10,10,MATCH,NO
Terah_1,Terah,terah,10,10,MATCH,NO
Vashti_1,Vashti,vashti,10,10,MATCH,NO
Abel_1,Abel,abel,9,9,MATCH,NO
Ahaziah_1,Ahaziah,ahaziah-1,9,9,MATCH,NO
Beor_2,Beor,beor-2,9,9,MATCH,NO
Bethuel_1,Bethuel,bethuel,9,9,MATCH,NO
Caiaphas_1,Caiaphas,caiaphas,9,9,MATCH,NO
Deborah_2,Deborah,deborah-2,9,9,MATCH,NO
Eliakim_1,Eliakim,eliakim-1,9,9,MATCH,NO
Enoch_2,Enoch,enoch-2,9,9,MATCH,NO
Gaal_1,Gaal,gaal,9,9,MATCH,NO
Hananiah_10,Hananiah,hananiah-10,9,9,MATCH,NO
Hoshea_1,Hoshea,hoshea-1,9,9,MATCH,NO
Jabin_1,Jabin,jabin,9,9,MATCH,NO
Jehonadab_1,Jehonadab,jehonadab,9,9,MATCH,NO
Obed-edom_2,Obed-edom,obed-edom-2,9,9,MATCH,NO
Seth_1,Seth,seth,9,9,MATCH,NO
Shealtiel_2,Shealtiel,shealtiel-2,9,9,MATCH,NO
Shebnah_1,Shebnah,shebnah,9,9,MATCH,NO
Zacharias_1,Zacharias,zacharias,9,9,MATCH,NO
Zadok_3,Zadok,zadok-3,9,9,MATCH,NO
Zalmunna_1,Zalmunna,zalmunna,9,9,MATCH,NO
Zebah_1,Zebah,zebah,9,9,MATCH,NO
Abiram_1,Abiram,abiram-1,8,8,MATCH,NO
Adah_1,Adah,adah,8,8,MATCH,NO
Anak_1,Anak,anak,8,8,MATCH,NO
Bichri_1,Bichri,bichri,8,8,MATCH,NO
Chelubai_1,Chelubai,chelubai,8,8,MATCH,NO
Cornelius_1,Cornelius,cornelius,8,8,MATCH,NO
Dathan_1,Dathan,dathan,8,8,MATCH,NO
Dinah_1,Dinah,dinah,8,8,MATCH,NO
Eliphaz_1,Eliphaz,eliphaz-1,8,8,MATCH,NO
Elizabeth_1,Elizabeth,elizabeth,8,8,MATCH,NO
Enosh_1,Enosh,enosh,8,8,MATCH,NO
Felix_1,Felix,felix,8,8,MATCH,NO
Hanun_1,Hanun,hanun-1,8,8,MATCH,NO
Ittai_1,Ittai,ittai,8,8,MATCH,NO
James_3,James,james-3,8,8,MATCH,NO
Jehoahaz_2,Jehoahaz,jehoahaz-2,8,8,MATCH,NO
Joash_1,Joash,joash-1,8,8,MATCH,NO
Libni_1,Libni,libni-1,8,8,MATCH,NO
Maacah_3,Maacah,maacah-3,8,8,MATCH,NO
Mahli_1,Mahli,mahli-1,8,8,MATCH,NO
Menachem_1,Menachem,menachem,8,8,MATCH,NO
Mushi_1,Mushi,mushi,8,8,MATCH,NO
Nahor_1,Nahor,nahor-1,8,8,MATCH,NO
Peleg_1,Peleg,peleg,8,8,MATCH,NO
Rahab_1,Rahab,rahab,8,8,MATCH,NO
Remaliah_1,Remaliah,remaliah,8,8,MATCH,NO
Shammah_2,Shammah,shammah-2,8,8,MATCH,NO
Sheba_4,Sheba,sheba-4,8,8,MATCH,NO
Shelah_1,Shelah,shelah-1,8,8,MATCH,NO
Shelah_2,Shelah,shelah-2,8,8,MATCH,NO
Uzzah_1,Uzzah,uzzah-1,8,8,MATCH,NO
Zelophehad_1,Zelophehad,zelophehad-1,8,8,MATCH,NO
